<Dictionaries>
  <Dictionary Language="English">
    <String Key="Game.Name" Value="伏特加槽"/>
    <String Key="Game.Description" Value="游戏框架演示程序"/>
    <String Key="Game.Website" Value="https://GameFramework.cn/"/>
    <String Key="Game.Summary" Value="这是一个使用game Framework游戏框架创建的游戏演示项目，旨在演示该游戏框架的使用情况，供用户参考。"/>
    <String Key="Game.Introduction" Value="游戏框架是基于Unity引擎的游戏框架，主要封装了游戏开发过程中常用的模块，极大地规范了开发过程，加快了开发速度，确保了产品质量。"/>
    <String Key="Title.Name" Value="伏特加插槽"/>
    <String Key="Title.Start" Value="开始"/>
    <String Key="Title.Language" Value="语言"/>
    <String Key="Slot.Player" Value="游戏者"/>
    <String Key="Slot.Setting" Value="背景"/>
    <String Key="Slot.Shop" Value="酒吧"/>
    <String Key="Slot.Cabinet" Value="酒柜"/>
    <String Key="Slot.Store" Value="百货商店"/>
    <String Key="Player.Level" Value="数量"/>
    <String Key="Player.Gold" Value="金"/>
    <String Key="Player.Diamond" Value="金刚石"/>
    <String Key="Player.Play" Value="玩"/>
    <String Key="Player.Win" Value="赢"/>
    <String Key="Player.Vodka" Value="伏特加"/>
    <String Key="Player.Place" Value="位置"/>
    <String Key="Setting.Music" Value="音乐"/>
    <String Key="Setting.Sound" Value="声音"/>
    <String Key="Setting.Language" Value="语言"/>
    <String Key="Setting.Exit" Value="出口"/>
    <String Key="Setting.Confirm" Value="证实"/>
      <String Key="Setting.NetError" Value="您已断开连接，请重新登录游戏"/>

      <String Key="Shop.Year" Value="年"/>
    <String Key="Shop.Origin" Value="起源"/>
    <String Key="Shop.Style" Value="风格"/>
    <String Key="Shop.Count" Value="计数"/>
    <String Key="Cabinet.Count" Value="计数"/>
    <String Key="Cabinet.Used" Value="习惯于"/>
    <String Key="Cabinet.Rotate" Value="旋转"/>
    <String Key="Cabinet.Remove" Value="去除"/>
    <String Key="Vodka.Name.1" Value="瑞典绝对伏特加"/>
    <String Key="Vodka.Name.2" Value="斯米尔诺夫"/>
    <String Key="Vodka.Name.3" Value="伏特加"/>
    <String Key="Vodka.Name.4" Value="灰雁"/>
    <String Key="Vodka.Name.5" Value="纪念胜利"/>
    <String Key="Vodka.Name.6" Value="芬兰"/>
    <String Key="Vodka.Name.7" Value="Stolichnaya Premium"/>
    <String Key="Vodka.Name.8" Value="丽城头伏特加"/>
    <String Key="Vodka.Name.9" Value="顶点"/>
    <String Key="Vodka.Name.10" Value="俄罗斯标准"/>
    <String Key="Vodka.Name.11" Value="白鲸"/>
    <String Key="Vodka.Name.12" Value="整风"/>
    <String Key="Vodka.Name.13" Value="选择性的"/>
    <String Key="Vodka.Name.14" Value="涅米罗夫伏特加"/>
    <String Key="Vodka.Name.15" Value="好的伏特加"/>
    <String Key="Vodka.Name.16" Value="缓解"/>
    <String Key="Vodka.Name.17" Value="图样"/>
    <String Key="Vodka.Name.18" Value="托巴里斯"/>
    <String Key="Vodka.Name.19" Value="绿色标记"/>
    <String Key="Vodka.Name.20" Value="Pyat Ozer"/>
    <String Key="Vodka.Origin.Russia" Value="俄罗斯联邦"/>
    <String Key="Vodka.Origin.Belarus" Value="白俄罗斯"/>
    <String Key="Vodka.Origin.Ukraine" Value="乌克兰"/>
    <String Key="Vodka.Origin.Sverige" Value="瑞典"/>
    <String Key="Vodka.Origin.Finland" Value="芬兰"/>
    <String Key="Vodka.Origin.Poland" Value="波兰"/>
    <String Key="Vodka.Origin.Latvia" Value="拉脱维亚"/>
    <String Key="Vodka.Origin.America" Value="美国"/>
    <String Key="Vodka.Origin.France" Value="法国"/>
    <String Key="Vodka.Style.1" Value="纯净"/>
    <String Key="Vodka.Style.2" Value="软的"/>
    <String Key="Vodka.Style.3" Value="干燥清爽"/>
    <String Key="Vodka.Style.4" Value="平整的"/>
    <String Key="Vodka.Style.5" Value="周年纪念日"/>
    <String Key="Vodka.Style.6" Value="北欧"/>
    <String Key="Vodka.Style.7" Value="光"/>
    <String Key="Vodka.Style.8" Value="芬芳"/>
    <String Key="Vodka.Style.9" Value="顶级"/>
    <String Key="Vodka.Style.10" Value="令人耳目一新的"/>
    <String Key="Vodka.Style.11" Value="气候温和的"/>
    <String Key="Vodka.Style.12" Value="精神饱满的"/>
    <String Key="Vodka.Style.13" Value="优雅的"/>
    <String Key="Vodka.Style.14" Value="深的"/>
    <String Key="Vodka.Style.15" Value="甜味"/>
    <String Key="Vodka.Style.16" Value="药效学"/>
    <String Key="Vodka.Style.17" Value="醇厚的"/>
    <String Key="Vodka.Style.18" Value="聚集"/>
    <String Key="Vodka.Style.19" Value="芳香"/>
    <String Key="Vodka.Style.20" Value="长的"/>
  </Dictionary>
</Dictionaries>