<Dictionaries>
  <Dictionary Language="English">
    <String Key="Game.Name" Value=""/>
    <String Key="Game.Description" Value="Programme de présentation de Game Framework"/>
    <String Key="Game.Website" Value="https://GameFramework.cn/"/>
    <String Key="Game.Summary" Value="Il s'agit d'un projet de démo de jeu créé à l'aide du cadre de Jeu Game framework pour démontrer l'utilisation de ce cadre de jeu à des fins de référence pour les utilisateurs."/>
    <String Key="Game.Introduction" Value="Le cadre de jeu est un cadre de jeu basé sur le moteur Unity qui encapsule principalement les modules couramment utilisés dans le processus de développement de jeux, normalisant considérablement le processus de développement, accélérant le développement et assurant la qualité du produit."/>
    <String Key="Title.Name" Value="Slots pour Vodka"/>
    <String Key="Title.Start" Value="Commencer"/>
    <String Key="Title.Language" Value="Langue"/>
    <String Key="Slot.Player" Value="Les joueurs"/>
    <String Key="Slot.Setting" Value="Contexte"/>
    <String Key="Slot.Shop" Value="Le bar"/>
    <String Key="Slot.Cabinet" Value="Armoire à vin"/>
    <String Key="Slot.Store" Value="Les grands magasins"/>
    <String Key="Player.Level" Value="Quantité"/>
    <String Key="Player.Gold" Value="Or"/>
    <String Key="Player.Diamond" Value="Diamant"/>
    <String Key="Player.Play" Value="Jouer"/>
    <String Key="Player.Win" Value="Gagner"/>
    <String Key="Player.Vodka" Value="Vodka"/>
    <String Key="Player.Place" Value="Localisation"/>
    <String Key="Setting.Music" Value="Musique"/>
    <String Key="Setting.Sound" Value="La voix"/>
    <String Key="Setting.Language" Value="Langue"/>
    <String Key="Setting.Exit" Value="Exportations"/>
    <String Key="Setting.Confirm" Value="Confirmé"/>
      <String Key="Setting.NetError" Value="Vous êtes déconnecté, veuillez vous reconnecter au jeu"/>

      <String Key="Shop.Year" Value="Année"/>
    <String Key="Shop.Origin" Value="Origine"/>
    <String Key="Shop.Style" Value="Style"/>
    <String Key="Shop.Count" Value="Comptage"/>
    <String Key="Cabinet.Count" Value="Comptage"/>
    <String Key="Cabinet.Used" Value="Habitué à"/>
    <String Key="Cabinet.Rotate" Value="Rotation"/>
    <String Key="Cabinet.Remove" Value="Supprimer"/>
    <String Key="Vodka.Name.1" Value="Vodka absolue suédoise"/>
    <String Key="Vodka.Name.2" Value="Smirnov"/>
    <String Key="Vodka.Name.3" Value="Vodka"/>
    <String Key="Vodka.Name.4" Value="Oie grise"/>
    <String Key="Vodka.Name.5" Value="Commémorer la victoire"/>
    <String Key="Vodka.Name.6" Value="Finlande"/>
    <String Key="Vodka.Name.7" Value="STOLICHNAYA Premium"/>
    <String Key="Vodka.Name.8" Value="Vodka Belvédère"/>
    <String Key="Vodka.Name.9" Value="Le Sommet"/>
    <String Key="Vodka.Name.10" Value="Normes russes"/>
    <String Key="Vodka.Name.11" Value="Le béluga"/>
    <String Key="Vodka.Name.12" Value="Le vent entier"/>
    <String Key="Vodka.Name.13" Value="Sélectif"/>
    <String Key="Vodka.Name.14" Value="La vodka nemirov"/>
    <String Key="Vodka.Name.15" Value="La bonne Vodka"/>
    <String Key="Vodka.Name.16" Value="Soulagement"/>
    <String Key="Vodka.Name.17" Value="Exemple de diagramme"/>
    <String Key="Vodka.Name.18" Value="Tobaris"/>
    <String Key="Vodka.Name.19" Value="Marquage vert"/>
    <String Key="Vodka.Name.20" Value="Pyat ozer"/>
    <String Key="Vodka.Origin.Russia" Value="Fédération de Russie"/>
    <String Key="Vodka.Origin.Belarus" Value="Biélorussie"/>
    <String Key="Vodka.Origin.Ukraine" Value="Ukraine"/>
    <String Key="Vodka.Origin.Sverige" Value="Suède"/>
    <String Key="Vodka.Origin.Finland" Value="Finlande"/>
    <String Key="Vodka.Origin.Poland" Value="Pologne"/>
    <String Key="Vodka.Origin.Latvia" Value="Lettonie"/>
    <String Key="Vodka.Origin.America" Value="États - Unis"/>
    <String Key="Vodka.Origin.France" Value="France"/>
    <String Key="Vodka.Style.1" Value="Pureté"/>
    <String Key="Vodka.Style.2" Value="Doux"/>
    <String Key="Vodka.Style.3" Value="Sec et rafraîchissant"/>
    <String Key="Vodka.Style.4" Value="Plat"/>
    <String Key="Vodka.Style.5" Value="Anniversaire"/>
    <String Key="Vodka.Style.6" Value="Europe du Nord"/>
    <String Key="Vodka.Style.7" Value="Lumière"/>
    <String Key="Vodka.Style.8" Value="Aromatique"/>
    <String Key="Vodka.Style.9" Value="Top niveau"/>
    <String Key="Vodka.Style.10" Value="Rafraîchissant"/>
    <String Key="Vodka.Style.11" Value="Climat tempéré"/>
    <String Key="Vodka.Style.12" Value="Mentalement plein"/>
    <String Key="Vodka.Style.13" Value="Élégant"/>
    <String Key="Vodka.Style.14" Value="Profonde"/>
    <String Key="Vodka.Style.15" Value="Le goût sucré"/>
    <String Key="Vodka.Style.16" Value="Pharmacodynamique"/>
    <String Key="Vodka.Style.17" Value="Moelleux"/>
    <String Key="Vodka.Style.18" Value="Rassemblement"/>
    <String Key="Vodka.Style.19" Value="Aromatiques"/>
    <String Key="Vodka.Style.20" Value="Longue"/>
  </Dictionary>
</Dictionaries>