<Dictionaries>
  <Dictionary Language="English">
    <String Key="Game.Name" Value=""/>
    <String Key="Game.Description" Value="Game Framework Demo Programm"/>
    <String Key="Game.Website" Value="https://GameFramework.cn/"/>
    <String Key="Game.Summary" Value="Dies ist ein Spieldemonstrationsprojekt, das unter Verwendung des Game Framework-Spielframeworks erstellt wurde, mit dem Ziel, die Verwendung dieses Spielframeworks als Referenz für Benutzer zu demonstrieren."/>
    <String Key="Game.Introduction" Value="Das Game Framework ist ein Spiel-Framework, das auf der Unity-Engine basiert und hauptsächlich häufig verwendete Module im Spieleentwicklungsprozess kapselt, den Entwicklungsprozess stark standardisiert, die Entwicklungsgeschwindigkeit beschleunigt und die Produktqualität gewährleistet."/>
    <String Key="Title.Name" Value="VodkaSlot"/>
    <String Key="Title.Start" Value="Start"/>
    <String Key="Title.Language" Value="Sprache"/>
    <String Key="Slot.Player" Value="Spieler"/>
    <String Key="Slot.Setting" Value="Einstellung"/>
    <String Key="Slot.Shop" Value="Pub"/>
    <String Key="Slot.Cabinet" Value="Weinschrank"/>
    <String Key="Slot.Store" Value="Speichern"/>
    <String Key="Player.Level" Value="Ebene"/>
    <String Key="Player.Gold" Value="Gold"/>
    <String Key="Player.Diamond" Value="Diamant"/>
    <String Key="Player.Play" Value="Spielen"/>
    <String Key="Player.Win" Value="Gewinnen"/>
    <String Key="Player.Vodka" Value="Wodka"/>
    <String Key="Player.Place" Value="Ort"/>
    <String Key="Setting.Music" Value="Musik"/>
    <String Key="Setting.Sound" Value="Ton"/>
    <String Key="Setting.Language" Value="Sprache"/>
    <String Key="Setting.Exit" Value="Verlassen"/>
    <String Key="Setting.Confirm" Value="Bestätigen"/>
      <String Key="Setting.NetError" Value="Sie wurden getrennt, bitte melden Sie sich erneut im Spiel an"/>

      <String Key="Shop.Year" Value="Jahr"/>
    <String Key="Shop.Origin" Value="Herkunft"/>
    <String Key="Shop.Style" Value="Stil"/>
    <String Key="Shop.Count" Value="Zählen"/>
    <String Key="Cabinet.Count" Value="Zählen"/>
    <String Key="Cabinet.Used" Value="Verwendet"/>
    <String Key="Cabinet.Rotate" Value="Drehen"/>
    <String Key="Cabinet.Remove" Value="Entfernen"/>
    <String Key="Vodka.Name.1" Value="Absolut Vodka"/>
    <String Key="Vodka.Name.2" Value="Smirnoff"/>
    <String Key="Vodka.Name.3" Value="Skyy"/>
    <String Key="Vodka.Name.4" Value="Graugans"/>
    <String Key="Vodka.Name.5" Value="Gedenksieg"/>
    <String Key="Vodka.Name.6" Value="Finnland"/>
    <String Key="Vodka.Name.7" Value="Stolichnaya Premium"/>
    <String Key="Vodka.Name.8" Value="Belvedere Head Vodka"/>
    <String Key="Vodka.Name.9" Value="Pinnacle"/>
    <String Key="Vodka.Name.10" Value="Russischer Standard"/>
    <String Key="Vodka.Name.11" Value="Beluga"/>
    <String Key="Vodka.Name.12" Value="Korrigierte Spirituose"/>
    <String Key="Vodka.Name.13" Value="Selektiv"/>
    <String Key="Vodka.Name.14" Value="Nemiroff Wodka"/>
    <String Key="Vodka.Name.15" Value="Guter Vodka"/>
    <String Key="Vodka.Name.16" Value="Leichtigkeit"/>
    <String Key="Vodka.Name.17" Value="Grafik"/>
    <String Key="Vodka.Name.18" Value="Tobarith"/>
    <String Key="Vodka.Name.19" Value="Grüne Markierung"/>
    <String Key="Vodka.Name.20" Value="Pyat Ozer"/>
    <String Key="Vodka.Origin.Russia" Value="Russland"/>
    <String Key="Vodka.Origin.Belarus" Value="Belarus"/>
    <String Key="Vodka.Origin.Ukraine" Value="Ukraine"/>
    <String Key="Vodka.Origin.Sverige" Value="Schweden"/>
    <String Key="Vodka.Origin.Finland" Value="Finnland"/>
    <String Key="Vodka.Origin.Poland" Value="Polen"/>
    <String Key="Vodka.Origin.Latvia" Value="Lettland"/>
    <String Key="Vodka.Origin.America" Value="Amerika"/>
    <String Key="Vodka.Origin.France" Value="Frankreich"/>
    <String Key="Vodka.Style.1" Value="Reinheit"/>
    <String Key="Vodka.Style.2" Value="weich"/>
    <String Key="Vodka.Style.3" Value="Trocken und erfrischend"/>
    <String Key="Vodka.Style.4" Value="glatt"/>
    <String Key="Vodka.Style.5" Value="Jubiläum"/>
    <String Key="Vodka.Style.6" Value="Nordeuropa"/>
    <String Key="Vodka.Style.7" Value="Licht"/>
    <String Key="Vodka.Style.8" Value="Duft"/>
    <String Key="Vodka.Style.9" Value="oberste Ebene"/>
    <String Key="Vodka.Style.10" Value="erfrischend"/>
    <String Key="Vodka.Style.11" Value="gemäßigt"/>
    <String Key="Vodka.Style.12" Value="temperamentvoll"/>
    <String Key="Vodka.Style.13" Value="anmutig"/>
    <String Key="Vodka.Style.14" Value="tief"/>
    <String Key="Vodka.Style.15" Value="süßer Geschmack"/>
    <String Key="Vodka.Style.16" Value="Pharmakodynamik"/>
    <String Key="Vodka.Style.17" Value="weich"/>
    <String Key="Vodka.Style.18" Value="sammeln"/>
    <String Key="Vodka.Style.19" Value="Aroma"/>
    <String Key="Vodka.Style.20" Value="lang"/>
  </Dictionary>
</Dictionaries>