<Dictionaries>
  <Dictionary Language="English">
    <String Key="Game.Name" Value=""/>
    <String Key="Game.Description" Value="لعبة الإطار التجريبي"/>
    <String Key="Game.Website" Value="https://GameFramework.cn/"/>
    <String Key="Game.Summary" Value="هذا هو إطار اللعبة باستخدام إطار اللعبة لخلق لعبة عرض المشروع ، تهدف إلى إظهار استخدام إطار اللعبة للمستخدمين الرجوع إليها ."/>
    <String Key="Game.Introduction" Value="لعبة الإطار هو إطار لعبة على أساس وحدة المحرك ، الذي يغلف وحدة مشتركة في عملية تطوير اللعبة ، إلى حد كبير توحيد عملية التنمية ، وتسريع سرعة التنمية ، وضمان جودة المنتج ."/>
    <String Key="Title.Name" Value="الفودكا فتحة"/>
    <String Key="Title.Start" Value="بداية ."/>
    <String Key="Title.Language" Value="لغة"/>
    <String Key="Slot.Player" Value="لاعب"/>
    <String Key="Slot.Setting" Value="معلومات أساسية"/>
    <String Key="Slot.Shop" Value="حانة"/>
    <String Key="Slot.Cabinet" Value="النبيذ مجلس الوزراء"/>
    <String Key="Slot.Store" Value="متجر"/>
    <String Key="Player.Level" Value="الكمية"/>
    <String Key="Player.Gold" Value="ا &gt; ?"/>
    <String Key="Player.Diamond" Value="الماس ."/>
    <String Key="Player.Play" Value="لعب ."/>
    <String Key="Player.Win" Value="وين"/>
    <String Key="Player.Vodka" Value="الفودكا"/>
    <String Key="Player.Place" Value="موقع"/>
    <String Key="Setting.Music" Value="موسيقي ."/>
    <String Key="Setting.Sound" Value="صوت ."/>
    <String Key="Setting.Language" Value="لغة"/>
    <String Key="Setting.Exit" Value="تصدير"/>
    <String Key="Setting.Confirm" Value="أكّد"/>
      <String Key="Setting.NetError" Value="كنت قد قطع الاتصال ، يرجى تسجيل الدخول إلى اللعبة مرة أخرى"/>

      <String Key="Shop.Year" Value="سنة"/>
    <String Key="Shop.Origin" Value="أصل"/>
    <String Key="Shop.Style" Value="أسلوب ."/>
    <String Key="Shop.Count" Value="عد"/>
    <String Key="Cabinet.Count" Value="عد"/>
    <String Key="Cabinet.Used" Value="اعتاد على"/>
    <String Key="Cabinet.Rotate" Value="استدارة"/>
    <String Key="Cabinet.Remove" Value="أزال"/>
    <String Key="Vodka.Name.1" Value="مطلق الفودكا"/>
    <String Key="Vodka.Name.2" Value="سميرنوف"/>
    <String Key="Vodka.Name.3" Value="الفودكا"/>
    <String Key="Vodka.Name.4" Value="غراي غوس"/>
    <String Key="Vodka.Name.5" Value="ذكرى النصر"/>
    <String Key="Vodka.Name.6" Value="فنلندا"/>
    <String Key="Vodka.Name.7" Value="ستوليشنايا بريميوم"/>
    <String Key="Vodka.Name.8" Value="رئيس الفودكا"/>
    <String Key="Vodka.Name.9" Value="فيرتكس"/>
    <String Key="Vodka.Name.10" Value="المعايير الروسية"/>
    <String Key="Vodka.Name.11" Value="الحوت الأبيض"/>
    <String Key="Vodka.Name.12" Value="تصحيح"/>
    <String Key="Vodka.Name.13" Value="انتقائية"/>
    <String Key="Vodka.Name.14" Value="نيميروف الفودكا"/>
    <String Key="Vodka.Name.15" Value="جيد الفودكا"/>
    <String Key="Vodka.Name.16" Value="مغفرة"/>
    <String Key="Vodka.Name.17" Value="نمط"/>
    <String Key="Vodka.Name.18" Value="توباريس"/>
    <String Key="Vodka.Name.19" Value="علامة خضراء"/>
    <String Key="Vodka.Name.20" Value="بيات أوزر"/>
    <String Key="Vodka.Origin.Russia" Value="الاتحاد الروسي"/>
    <String Key="Vodka.Origin.Belarus" Value="بيﻻروس"/>
    <String Key="Vodka.Origin.Ukraine" Value="أوكرانيا ."/>
    <String Key="Vodka.Origin.Sverige" Value="سويسرا"/>
    <String Key="Vodka.Origin.Finland" Value="فنلندا"/>
    <String Key="Vodka.Origin.Poland" Value="بولندا"/>
    <String Key="Vodka.Origin.Latvia" Value="لاتفيا"/>
    <String Key="Vodka.Origin.America" Value="و { غ"/>
    <String Key="Vodka.Origin.France" Value="فرنسا ."/>
    <String Key="Vodka.Style.1" Value="نقاء"/>
    <String Key="Vodka.Style.2" Value="لينة"/>
    <String Key="Vodka.Style.3" Value="جاف منعش"/>
    <String Key="Vodka.Style.4" Value="مسطح"/>
    <String Key="Vodka.Style.5" Value="الذكرى السنوية"/>
    <String Key="Vodka.Style.6" Value="نورد"/>
    <String Key="Vodka.Style.7" Value="ضوء ."/>
    <String Key="Vodka.Style.8" Value="عطر"/>
    <String Key="Vodka.Style.9" Value="أعلى"/>
    <String Key="Vodka.Style.10" Value="منعش"/>
    <String Key="Vodka.Style.11" Value="مناخ معتدل"/>
    <String Key="Vodka.Style.12" Value="مفعم بالحيوية"/>
    <String Key="Vodka.Style.13" Value="أناقة"/>
    <String Key="Vodka.Style.14" Value="عميق"/>
    <String Key="Vodka.Style.15" Value="حلاوة"/>
    <String Key="Vodka.Style.16" Value="فارماكوديناميكس"/>
    <String Key="Vodka.Style.17" Value="يانع"/>
    <String Key="Vodka.Style.18" Value="تجمع"/>
    <String Key="Vodka.Style.19" Value="عطر"/>
    <String Key="Vodka.Style.20" Value="طويل"/>
  </Dictionary>
</Dictionaries>