<Dictionaries>
  <Dictionary Language="English">
    <String Key="Game.Name" Value="ee"/>
    <String Key="Game.Description" Value="Programma demo del framework di gioco"/>
    <String Key="Game.Website" Value="https://GameFramework.cn/"/>
    <String Key="Game.Summary" Value="https://GameFramework.cn/"/>
    <String Key="Game.Introduction" Value="Il Game Framework è un framework di gioco basato sul motore Unity, che incapsula principalmente moduli comunemente utilizzati nel processo di sviluppo del gioco, standardizzando notevolmente il processo di sviluppo, accelerando la velocità di sviluppo e garantendo la qualità del prodotto."/>
    <String Key="Title.Name" Value="VodkaSlot"/>
    <String Key="Title.Start" Value="inizio"/>
    <String Key="Title.Language" Value="Lingua"/>
    <String Key="Slot.Player" Value="Giocatore"/>
    <String Key="Slot.Setting" Value="Impostazione"/>
    <String Key="Slot.Shop" Value="pub"/>
    <String Key="Slot.Cabinet" Value="armadietto del vino"/>
    <String Key="Slot.Store" Value="Conserva"/>
    <String Key="Player.Level" Value="Livello"/>
    <String Key="Player.Gold" Value="Oro"/>
    <String Key="Player.Diamond" Value="Diamante"/>
    <String Key="Player.Play" Value="Gioca"/>
    <String Key="Player.Win" Value="Win"/>
    <String Key="Player.Vodka" Value="Vodka"/>
    <String Key="Player.Place" Value="Luogo"/>
    <String Key="Setting.Music" Value="Musica"/>
    <String Key="Setting.Sound" Value="Suono"/>
    <String Key="Setting.Language" Value="Lingua"/>
    <String Key="Setting.Exit" Value="Esci"/>
    <String Key="Setting.Confirm" Value="Conferma"/>
      <String Key="Setting.NetError" Value="Sei stato disconnesso, accedi nuovamente al gioco"/>

      <String Key="Shop.Year" Value="Anno"/>
    <String Key="Shop.Origin" Value="Origine"/>
    <String Key="Shop.Style" Value="stile"/>
    <String Key="Shop.Count" Value="Conta"/>
    <String Key="Cabinet.Count" Value="Conta"/>
    <String Key="Cabinet.Used" Value="Usato"/>
    <String Key="Cabinet.Rotate" Value="Ruota"/>
    <String Key="Cabinet.Remove" Value="Rimuovi"/>
    <String Key="Vodka.Name.1" Value="Absolut Vodka"/>
    <String Key="Vodka.Name.2" Value="Smirnoff"/>
    <String Key="Vodka.Name.3" Value="skyy"/>
    <String Key="Vodka.Name.4" Value="Oca grigia"/>
    <String Key="Vodka.Name.5" Value="Vittoria commemorativa"/>
    <String Key="Vodka.Name.6" Value="Finlandia"/>
    <String Key="Vodka.Name.7" Value="Stolichnaya Premium"/>
    <String Key="Vodka.Name.8" Value="Belvedere Head Vodka"/>
    <String Key="Vodka.Name.9" Value="Pinnacle"/>
    <String Key="Vodka.Name.10" Value="Standard russo"/>
    <String Key="Vodka.Name.11" Value="beluga"/>
    <String Key="Vodka.Name.12" Value="Spirito rettificato"/>
    <String Key="Vodka.Name.13" Value="Selettivo"/>
    <String Key="Vodka.Name.14" Value="Vodka Nemiroff"/>
    <String Key="Vodka.Name.15" Value="Buona vodka"/>
    <String Key="Vodka.Name.16" Value="facilità"/>
    <String Key="Vodka.Name.17" Value="Grafica"/>
    <String Key="Vodka.Name.18" Value="Tobarith"/>
    <String Key="Vodka.Name.19" Value="Marchio verde"/>
    <String Key="Vodka.Name.20" Value="Pyat Ozer"/>
    <String Key="Vodka.Origin.Russia" Value="Russia"/>
    <String Key="Vodka.Origin.Belarus" Value="Bielorussia"/>
    <String Key="Vodka.Origin.Ukraine" Value="Ucraina"/>
    <String Key="Vodka.Origin.Sverige" Value="Svezia"/>
    <String Key="Vodka.Origin.Finland" Value="Finlandia"/>
    <String Key="Vodka.Origin.Poland" Value="Polonia"/>
    <String Key="Vodka.Origin.Latvia" Value="Lettonia"/>
    <String Key="Vodka.Origin.America" Value="America"/>
    <String Key="Vodka.Origin.France" Value="Francia"/>
    <String Key="Vodka.Style.1" Value="purezza"/>
    <String Key="Vodka.Style.2" Value="morbido"/>
    <String Key="Vodka.Style.3" Value="Secco e rinfrescante"/>
    <String Key="Vodka.Style.4" Value="liscio"/>
    <String Key="Vodka.Style.5" Value="anniversario"/>
    <String Key="Vodka.Style.6" Value="Nord Europa"/>
    <String Key="Vodka.Style.7" Value="Luce"/>
    <String Key="Vodka.Style.8" Value="fragranza"/>
    <String Key="Vodka.Style.9" Value="livello superiore"/>
    <String Key="Vodka.Style.10" Value="rinfrescante"/>
    <String Key="Vodka.Style.11" Value="temperato"/>
    <String Key="Vodka.Style.12" Value="spirito"/>
    <String Key="Vodka.Style.13" Value="grazioso"/>
    <String Key="Vodka.Style.14" Value="profondo"/>
    <String Key="Vodka.Style.15" Value="sapore dolce"/>
    <String Key="Vodka.Style.16" Value="Farmacodinamica"/>
    <String Key="Vodka.Style.17" Value="mellow"/>
    <String Key="Vodka.Style.18" Value="raccogliere"/>
    <String Key="Vodka.Style.19" Value="aroma"/>
    <String Key="Vodka.Style.20" Value="lungo"/>
  </Dictionary>
</Dictionaries>