<Dictionaries>
  <Dictionary Language="English">
    <String Key="Game.Name" Value="uu"/>
    <String Key="Game.Description" Value="게임 프레임워크 데모 프로그램"/>
    <String Key="Game.Website" Value="https://GameFramework.cn/"/>
    <String Key="Game.Summary" Value="https://GameFramework.cn/"/>
    <String Key="Game.Introduction" Value="게임 프레임워크는 Unity 엔진을 기반으로 한 게임 프레임워크로 주로 게임 개발 과정에서 자주 사용하는 모듈을 패키지하여 개발 과정을 크게 규범화하고 개발 속도를 가속화하며 제품 품질을 확보합니다."/>
    <String Key="Title.Name" Value="보드카 슬롯"/>
    <String Key="Title.Start" Value="시작"/>
    <String Key="Title.Language" Value="언어"/>
    <String Key="Slot.Player" Value="유희자"/>
    <String Key="Slot.Setting" Value="배경"/>
    <String Key="Slot.Shop" Value="술집"/>
    <String Key="Slot.Cabinet" Value="술장"/>
    <String Key="Slot.Store" Value="백화점"/>
    <String Key="Player.Level" Value="수량"/>
    <String Key="Player.Gold" Value="킴"/>
    <String Key="Player.Diamond" Value="금강석"/>
    <String Key="Player.Play" Value="놀다"/>
    <String Key="Player.Win" Value="이기다"/>
    <String Key="Player.Vodka" Value="보드카"/>
    <String Key="Player.Place" Value="위치"/>
    <String Key="Setting.Music" Value="음악"/>
    <String Key="Setting.Sound" Value="소리"/>
    <String Key="Setting.Language" Value="언어"/>
    <String Key="Setting.Exit" Value="출구"/>
    <String Key="Setting.Confirm" Value="확인"/>
      <String Key="Setting.NetError" Value="연결이 끊겼습니다. 게임에 다시 로그인하십시오."/>

      <String Key="Shop.Year" Value="년"/>
    <String Key="Shop.Origin" Value="기원"/>
    <String Key="Shop.Style" Value="스타일"/>
    <String Key="Shop.Count" Value="카운트"/>
    <String Key="Cabinet.Count" Value="카운트"/>
    <String Key="Cabinet.Used" Value="익숙하다"/>
    <String Key="Cabinet.Rotate" Value="회전"/>
    <String Key="Cabinet.Remove" Value="제거"/>
    <String Key="Vodka.Name.1" Value="스웨덴 절대 보드카"/>
    <String Key="Vodka.Name.2" Value="스미르노프"/>
    <String Key="Vodka.Name.3" Value="보드카"/>
    <String Key="Vodka.Name.4" Value="회색 기러기"/>
    <String Key="Vodka.Name.5" Value="승리를 기념하다"/>
    <String Key="Vodka.Name.6" Value="핀란드"/>
    <String Key="Vodka.Name.7" Value="Stolichnaya Premium"/>
    <String Key="Vodka.Name.8" Value="리청두 보드카"/>
    <String Key="Vodka.Name.9" Value="정점"/>
    <String Key="Vodka.Name.10" Value="러시아 표준"/>
    <String Key="Vodka.Name.11" Value="흰고래"/>
    <String Key="Vodka.Name.12" Value="정풍"/>
    <String Key="Vodka.Name.13" Value="선택적"/>
    <String Key="Vodka.Name.14" Value="네미로프 보드카"/>
    <String Key="Vodka.Name.15" Value="그래, 보드카"/>
    <String Key="Vodka.Name.16" Value="완화"/>
    <String Key="Vodka.Name.17" Value="도안"/>
    <String Key="Vodka.Name.18" Value="토바리스"/>
    <String Key="Vodka.Name.19" Value="녹색 표시"/>
    <String Key="Vodka.Name.20" Value="Pyat Ozer"/>
    <String Key="Vodka.Origin.Russia" Value="러시아 연방"/>
    <String Key="Vodka.Origin.Belarus" Value="벨라루스"/>
    <String Key="Vodka.Origin.Ukraine" Value="우크라이나"/>
    <String Key="Vodka.Origin.Sverige" Value="스웨덴"/>
    <String Key="Vodka.Origin.Finland" Value="핀란드"/>
    <String Key="Vodka.Origin.Poland" Value="폴란드"/>
    <String Key="Vodka.Origin.Latvia" Value="라트비아"/>
    <String Key="Vodka.Origin.America" Value="미국"/>
    <String Key="Vodka.Origin.France" Value="프랑스"/>
    <String Key="Vodka.Style.1" Value="순수하다"/>
    <String Key="Vodka.Style.2" Value="소프트"/>
    <String Key="Vodka.Style.3" Value="건조하고 상쾌하다"/>
    <String Key="Vodka.Style.4" Value="플랫"/>
    <String Key="Vodka.Style.5" Value="주년 기념일"/>
    <String Key="Vodka.Style.6" Value="북유럽"/>
    <String Key="Vodka.Style.7" Value="빛"/>
    <String Key="Vodka.Style.8" Value="향기"/>
    <String Key="Vodka.Style.9" Value="최상위"/>
    <String Key="Vodka.Style.10" Value="신선했어"/>
    <String Key="Vodka.Style.11" Value="기후는 온화했다"/>
    <String Key="Vodka.Style.12" Value="원기왕성했어"/>
    <String Key="Vodka.Style.13" Value="우아했어"/>
    <String Key="Vodka.Style.14" Value="딥"/>
    <String Key="Vodka.Style.15" Value="단맛"/>
    <String Key="Vodka.Style.16" Value="약효학"/>
    <String Key="Vodka.Style.17" Value="순후했어"/>
    <String Key="Vodka.Style.18" Value="모이다"/>
    <String Key="Vodka.Style.19" Value="향기"/>
    <String Key="Vodka.Style.20" Value="길다"/>
  </Dictionary>
</Dictionaries>