<Dictionaries>
  <Dictionary Language="English">
    <String Key="Game.Name" Value="mm"/>
    <String Key="Game.Description" Value="百度翻译错误"/>
    <String Key="Game.Website" Value="百度翻译错误"/>
    <String Key="Game.Summary" Value="百度翻译错误"/>
    <String Key="Game.Introduction" Value="百度翻译错误"/>
    <String Key="Title.Name" Value="百度翻译错误"/>
    <String Key="Title.Start" Value="百度翻译错误"/>
    <String Key="Title.Language" Value="百度翻译错误"/>
    <String Key="Slot.Player" Value="百度翻译错误"/>
    <String Key="Slot.Setting" Value="百度翻译错误"/>
    <String Key="Slot.Shop" Value="百度翻译错误"/>
    <String Key="Slot.Cabinet" Value="百度翻译错误"/>
    <String Key="Slot.Store" Value="百度翻译错误"/>
    <String Key="Player.Level" Value="百度翻译错误"/>
    <String Key="Player.Gold" Value="百度翻译错误"/>
    <String Key="Player.Diamond" Value="百度翻译错误"/>
    <String Key="Player.Play" Value="百度翻译错误"/>
    <String Key="Player.Win" Value="百度翻译错误"/>
    <String Key="Player.Vodka" Value="百度翻译错误"/>
    <String Key="Player.Place" Value="百度翻译错误"/>
    <String Key="Setting.Music" Value="百度翻译错误"/>
    <String Key="Setting.Sound" Value="百度翻译错误"/>
    <String Key="Setting.Language" Value="百度翻译错误"/>
    <String Key="Setting.Exit" Value="百度翻译错误"/>
    <String Key="Setting.Confirm" Value="百度翻译错误"/>
      <String Key="Setting.NetError" Value="百度翻译错误"/>

      <String Key="Shop.Year" Value="百度翻译错误"/>
    <String Key="Shop.Origin" Value="百度翻译错误"/>
    <String Key="Shop.Style" Value="百度翻译错误"/>
    <String Key="Shop.Count" Value="百度翻译错误"/>
    <String Key="Cabinet.Count" Value="百度翻译错误"/>
    <String Key="Cabinet.Used" Value="百度翻译错误"/>
    <String Key="Cabinet.Rotate" Value="百度翻译错误"/>
    <String Key="Cabinet.Remove" Value="百度翻译错误"/>
    <String Key="Vodka.Name.1" Value="百度翻译错误"/>
    <String Key="Vodka.Name.2" Value="百度翻译错误"/>
    <String Key="Vodka.Name.3" Value="百度翻译错误"/>
    <String Key="Vodka.Name.4" Value="百度翻译错误"/>
    <String Key="Vodka.Name.5" Value="百度翻译错误"/>
    <String Key="Vodka.Name.6" Value="百度翻译错误"/>
    <String Key="Vodka.Name.7" Value="百度翻译错误"/>
    <String Key="Vodka.Name.8" Value="百度翻译错误"/>
    <String Key="Vodka.Name.9" Value="百度翻译错误"/>
    <String Key="Vodka.Name.10" Value="百度翻译错误"/>
    <String Key="Vodka.Name.11" Value="百度翻译错误"/>
    <String Key="Vodka.Name.12" Value="百度翻译错误"/>
    <String Key="Vodka.Name.13" Value="百度翻译错误"/>
    <String Key="Vodka.Name.14" Value="百度翻译错误"/>
    <String Key="Vodka.Name.15" Value="百度翻译错误"/>
    <String Key="Vodka.Name.16" Value="百度翻译错误"/>
    <String Key="Vodka.Name.17" Value="百度翻译错误"/>
    <String Key="Vodka.Name.18" Value="百度翻译错误"/>
    <String Key="Vodka.Name.19" Value="百度翻译错误"/>
    <String Key="Vodka.Name.20" Value="百度翻译错误"/>
    <String Key="Vodka.Origin.Russia" Value="百度翻译错误"/>
    <String Key="Vodka.Origin.Belarus" Value="百度翻译错误"/>
    <String Key="Vodka.Origin.Ukraine" Value="百度翻译错误"/>
    <String Key="Vodka.Origin.Sverige" Value="百度翻译错误"/>
    <String Key="Vodka.Origin.Finland" Value="百度翻译错误"/>
    <String Key="Vodka.Origin.Poland" Value="百度翻译错误"/>
    <String Key="Vodka.Origin.Latvia" Value="百度翻译错误"/>
    <String Key="Vodka.Origin.America" Value="百度翻译错误"/>
    <String Key="Vodka.Origin.France" Value="百度翻译错误"/>
    <String Key="Vodka.Style.1" Value="百度翻译错误"/>
    <String Key="Vodka.Style.2" Value="百度翻译错误"/>
    <String Key="Vodka.Style.3" Value="百度翻译错误"/>
    <String Key="Vodka.Style.4" Value="百度翻译错误"/>
    <String Key="Vodka.Style.5" Value="百度翻译错误"/>
    <String Key="Vodka.Style.6" Value="百度翻译错误"/>
    <String Key="Vodka.Style.7" Value="百度翻译错误"/>
    <String Key="Vodka.Style.8" Value="百度翻译错误"/>
    <String Key="Vodka.Style.9" Value="百度翻译错误"/>
    <String Key="Vodka.Style.10" Value="百度翻译错误"/>
    <String Key="Vodka.Style.11" Value="百度翻译错误"/>
    <String Key="Vodka.Style.12" Value="百度翻译错误"/>
    <String Key="Vodka.Style.13" Value="百度翻译错误"/>
    <String Key="Vodka.Style.14" Value="百度翻译错误"/>
    <String Key="Vodka.Style.15" Value="百度翻译错误"/>
    <String Key="Vodka.Style.16" Value="百度翻译错误"/>
    <String Key="Vodka.Style.17" Value="百度翻译错误"/>
    <String Key="Vodka.Style.18" Value="百度翻译错误"/>
    <String Key="Vodka.Style.19" Value="百度翻译错误"/>
    <String Key="Vodka.Style.20" Value="百度翻译错误"/>
  </Dictionary>
</Dictionaries>