<Dictionaries>
  <Dictionary Language="English">
    <String Key="Game.Name" Value="qq"/>
    <String Key="Game.Description" Value="Program demo ramowego gry"/>
    <String Key="Game.Website" Value="https://GameFramework.cn/"/>
    <String Key="Game.Summary" Value="https://GameFramework.cn/"/>
    <String Key="Game.Introduction" Value="Game Framework to framework gry oparty na silniku Unity, który głównie zawiera powszechnie stosowane moduły w procesie tworzenia gier, znacznie standaryzując proces rozwoju, przyspieszając szybkość rozwoju i zapewniając jakość produktu."/>
    <String Key="Title.Name" Value="WodkaSlot"/>
    <String Key="Title.Start" Value="Uruchom"/>
    <String Key="Title.Language" Value="Język"/>
    <String Key="Slot.Player" Value="Gracz"/>
    <String Key="Slot.Setting" Value="Ustawienie"/>
    <String Key="Slot.Shop" Value="pub"/>
    <String Key="Slot.Cabinet" Value="Szafka na wino"/>
    <String Key="Slot.Store" Value="Przechowywać"/>
    <String Key="Player.Level" Value="Poziom"/>
    <String Key="Player.Gold" Value="Złoto"/>
    <String Key="Player.Diamond" Value="Diament"/>
    <String Key="Player.Play" Value="Graj"/>
    <String Key="Player.Win" Value="Wygrać"/>
    <String Key="Player.Vodka" Value="Wódka"/>
    <String Key="Player.Place" Value="Miejsce"/>
    <String Key="Setting.Music" Value="Muzyka"/>
    <String Key="Setting.Sound" Value="Dźwięk"/>
    <String Key="Setting.Language" Value="Język"/>
    <String Key="Setting.Exit" Value="Wyjście"/>
    <String Key="Setting.Confirm" Value="Potwierdź"/>
      <String Key="Setting.NetError" Value="Zostałeś odłączony, zaloguj się ponownie do gry"/>

      <String Key="Shop.Year" Value="Rok"/>
    <String Key="Shop.Origin" Value="Pochodzenie"/>
    <String Key="Shop.Style" Value="styl"/>
    <String Key="Shop.Count" Value="Liczba"/>
    <String Key="Cabinet.Count" Value="Liczba"/>
    <String Key="Cabinet.Used" Value="Używane"/>
    <String Key="Cabinet.Rotate" Value="Obróć"/>
    <String Key="Cabinet.Remove" Value="Usuń"/>
    <String Key="Vodka.Name.1" Value="Absolut Vodka"/>
    <String Key="Vodka.Name.2" Value="Smirnoff"/>
    <String Key="Vodka.Name.3" Value="Skyy"/>
    <String Key="Vodka.Name.4" Value="Gęś szara"/>
    <String Key="Vodka.Name.5" Value="Pamiętnicze zwycięstwo"/>
    <String Key="Vodka.Name.6" Value="Finlandia"/>
    <String Key="Vodka.Name.7" Value="Stolichnaya Premium"/>
    <String Key="Vodka.Name.8" Value="Wódka Belvedere Head"/>
    <String Key="Vodka.Name.9" Value="Szczyt"/>
    <String Key="Vodka.Name.10" Value="Standard rosyjski"/>
    <String Key="Vodka.Name.11" Value="beluga"/>
    <String Key="Vodka.Name.12" Value="Spirytus Rektyfikowany"/>
    <String Key="Vodka.Name.13" Value="Wyborowa"/>
    <String Key="Vodka.Name.14" Value="Nemiroff Wódka"/>
    <String Key="Vodka.Name.15" Value="Dobra wódka"/>
    <String Key="Vodka.Name.16" Value="łatwość"/>
    <String Key="Vodka.Name.17" Value="Grafika"/>
    <String Key="Vodka.Name.18" Value="Tobaryth"/>
    <String Key="Vodka.Name.19" Value="Zielony znak"/>
    <String Key="Vodka.Name.20" Value="Pyat Ozer"/>
    <String Key="Vodka.Origin.Russia" Value="Rosja"/>
    <String Key="Vodka.Origin.Belarus" Value="Białoruś"/>
    <String Key="Vodka.Origin.Ukraine" Value="Ukraina"/>
    <String Key="Vodka.Origin.Sverige" Value="Szwecja"/>
    <String Key="Vodka.Origin.Finland" Value="Finlandia"/>
    <String Key="Vodka.Origin.Poland" Value="Polska"/>
    <String Key="Vodka.Origin.Latvia" Value="Łotwa"/>
    <String Key="Vodka.Origin.America" Value="Ameryka"/>
    <String Key="Vodka.Origin.France" Value="Francja"/>
    <String Key="Vodka.Style.1" Value="czystość"/>
    <String Key="Vodka.Style.2" Value="miękkie"/>
    <String Key="Vodka.Style.3" Value="Sucha i orzeźwiająca"/>
    <String Key="Vodka.Style.4" Value="gładka"/>
    <String Key="Vodka.Style.5" Value="rocznica"/>
    <String Key="Vodka.Style.6" Value="Europa Północna"/>
    <String Key="Vodka.Style.7" Value="Światło"/>
    <String Key="Vodka.Style.8" Value="zapach"/>
    <String Key="Vodka.Style.9" Value="najwyższy poziom"/>
    <String Key="Vodka.Style.10" Value="odświeżające"/>
    <String Key="Vodka.Style.11" Value="umiarkowane"/>
    <String Key="Vodka.Style.12" Value="duchowy"/>
    <String Key="Vodka.Style.13" Value="wdzięczny"/>
    <String Key="Vodka.Style.14" Value="głębokie"/>
    <String Key="Vodka.Style.15" Value="słodki smak"/>
    <String Key="Vodka.Style.16" Value="Farmakodynamika"/>
    <String Key="Vodka.Style.17" Value="łagodny"/>
    <String Key="Vodka.Style.18" Value="zbieraj"/>
    <String Key="Vodka.Style.19" Value="aromat"/>
    <String Key="Vodka.Style.20" Value="długie"/>
  </Dictionary>
</Dictionaries>