<Dictionaries>
  <Dictionary Language="English">
    <String Key="Game.Name" Value="rr"/>
    <String Key="Game.Description" Value="Демонстрация игрового фреймворка"/>
    <String Key="Game.Website" Value="https://GameFramework.cn/"/>
    <String Key="Game.Summary" Value="https://GameFramework.cn/"/>
    <String Key="Game.Introduction" Value="Игра Framework - это игровой фреймворк, основанный на движке Unity, который в основном содержит модули, обычно используемые в процессе разработки игр, что значительно регулирует процесс разработки, ускоряет разработку и обеспечивает качество продукта."/>
    <String Key="Title.Name" Value="Разъём водки"/>
    <String Key="Title.Start" Value="Начинаем."/>
    <String Key="Title.Language" Value="Язык"/>
    <String Key="Slot.Player" Value="Игроки"/>
    <String Key="Slot.Setting" Value="Справочная информация"/>
    <String Key="Slot.Shop" Value="Бар"/>
    <String Key="Slot.Cabinet" Value="Винный шкаф"/>
    <String Key="Slot.Store" Value="Универмаг"/>
    <String Key="Player.Level" Value="Количество"/>
    <String Key="Player.Gold" Value="Цзинь"/>
    <String Key="Player.Diamond" Value="Алмазы"/>
    <String Key="Player.Play" Value="Играть"/>
    <String Key="Player.Win" Value="Выиграть"/>
    <String Key="Player.Vodka" Value="Водка"/>
    <String Key="Player.Place" Value="Местоположение"/>
    <String Key="Setting.Music" Value="Музыка"/>
    <String Key="Setting.Sound" Value="Голос"/>
    <String Key="Setting.Language" Value="Язык"/>
    <String Key="Setting.Exit" Value="Экспорт"/>
    <String Key="Setting.Confirm" Value="Подтверждение"/>
      <String Key="Setting.NetError" Value="Вы отключены, пожалуйста, войдите в игру заново"/>

      <String Key="Shop.Year" Value="Год"/>
    <String Key="Shop.Origin" Value="Происхождение"/>
    <String Key="Shop.Style" Value="Стиль"/>
    <String Key="Shop.Count" Value="Количество"/>
    <String Key="Cabinet.Count" Value="Количество"/>
    <String Key="Cabinet.Used" Value="Привыкнуть"/>
    <String Key="Cabinet.Rotate" Value="Вращение"/>
    <String Key="Cabinet.Remove" Value="Удалить"/>
    <String Key="Vodka.Name.1" Value="Шведская водка Абсолютная"/>
    <String Key="Vodka.Name.2" Value="Смирнов"/>
    <String Key="Vodka.Name.3" Value="Водка"/>
    <String Key="Vodka.Name.4" Value="Серый гусь"/>
    <String Key="Vodka.Name.5" Value="Память о победе"/>
    <String Key="Vodka.Name.6" Value="Финляндия"/>
    <String Key="Vodka.Name.7" Value="Столичная Премия"/>
    <String Key="Vodka.Name.8" Value="Водка &quot;Личэнтоу&quot;."/>
    <String Key="Vodka.Name.9" Value="Вершина"/>
    <String Key="Vodka.Name.10" Value="Русский стандарт"/>
    <String Key="Vodka.Name.11" Value="Белые киты"/>
    <String Key="Vodka.Name.12" Value="Исправление"/>
    <String Key="Vodka.Name.13" Value="Избирательный"/>
    <String Key="Vodka.Name.14" Value="Водка Немирова"/>
    <String Key="Vodka.Name.15" Value="Ладно, водка."/>
    <String Key="Vodka.Name.16" Value="Смягчение последствий"/>
    <String Key="Vodka.Name.17" Value="Рисунок"/>
    <String Key="Vodka.Name.18" Value="Тобарс"/>
    <String Key="Vodka.Name.19" Value="Зеленый знак"/>
    <String Key="Vodka.Name.20" Value="Пиат Озер"/>
    <String Key="Vodka.Origin.Russia" Value="Российская Федерация"/>
    <String Key="Vodka.Origin.Belarus" Value="Беларусь"/>
    <String Key="Vodka.Origin.Ukraine" Value="Украина"/>
    <String Key="Vodka.Origin.Sverige" Value="Швеция"/>
    <String Key="Vodka.Origin.Finland" Value="Финляндия"/>
    <String Key="Vodka.Origin.Poland" Value="Польша"/>
    <String Key="Vodka.Origin.Latvia" Value="Латвияworld. kgm"/>
    <String Key="Vodka.Origin.America" Value="США"/>
    <String Key="Vodka.Origin.France" Value="Франция"/>
    <String Key="Vodka.Style.1" Value="Чисто."/>
    <String Key="Vodka.Style.2" Value="Мягкий"/>
    <String Key="Vodka.Style.3" Value="Сухой и освежающий."/>
    <String Key="Vodka.Style.4" Value="Выровненный"/>
    <String Key="Vodka.Style.5" Value="Годовщина"/>
    <String Key="Vodka.Style.6" Value="СевернаяЕвропа"/>
    <String Key="Vodka.Style.7" Value="Свет"/>
    <String Key="Vodka.Style.8" Value="Аромат"/>
    <String Key="Vodka.Style.9" Value="Топ"/>
    <String Key="Vodka.Style.10" Value="Это освежает."/>
    <String Key="Vodka.Style.11" Value="Климат умеренный"/>
    <String Key="Vodka.Style.12" Value="бодрый"/>
    <String Key="Vodka.Style.13" Value="Элегантный"/>
    <String Key="Vodka.Style.14" Value="Глубокий"/>
    <String Key="Vodka.Style.15" Value="Сладкий вкус"/>
    <String Key="Vodka.Style.16" Value="Фармацевтика"/>
    <String Key="Vodka.Style.17" Value="Мягкий"/>
    <String Key="Vodka.Style.18" Value="Сбор"/>
    <String Key="Vodka.Style.19" Value="Аромат"/>
    <String Key="Vodka.Style.20" Value="Длинный"/>
  </Dictionary>
</Dictionaries>