<Dictionaries>
  <Dictionary Language="English">
    <String Key="Game.Name" Value="nn"/>
    <String Key="Game.Description" Value="Programa de demostración del marco del juego"/>
    <String Key="Game.Website" Value="https://GameFramework.cn/"/>
    <String Key="Game.Summary" Value="https://GameFramework.cn/"/>
    <String Key="Game.Introduction" Value="El marco de juego es un marco de juego basado en el motor de la unidad, que encapsula principalmente los módulos comúnmente utilizados en el proceso de desarrollo del juego, estandarizando en gran medida el proceso de desarrollo, acelerando la velocidad de desarrollo y garantizando la calidad del producto."/>
    <String Key="Title.Name" Value="Ranura de vodka"/>
    <String Key="Title.Start" Value="Empezar"/>
    <String Key="Title.Language" Value="Idiomas"/>
    <String Key="Slot.Player" Value="Jugador"/>
    <String Key="Slot.Setting" Value="Antecedentes"/>
    <String Key="Slot.Shop" Value="Barra"/>
    <String Key="Slot.Cabinet" Value="Gabinete de vino"/>
    <String Key="Slot.Store" Value="Grandes almacenes"/>
    <String Key="Player.Level" Value="Cantidad"/>
    <String Key="Player.Gold" Value="Oro"/>
    <String Key="Player.Diamond" Value="Diamante"/>
    <String Key="Player.Play" Value="Jugar"/>
    <String Key="Player.Win" Value="Ganar"/>
    <String Key="Player.Vodka" Value="Vodka"/>
    <String Key="Player.Place" Value="Posición"/>
    <String Key="Setting.Music" Value="Música"/>
    <String Key="Setting.Sound" Value="Sonido"/>
    <String Key="Setting.Language" Value="Idiomas"/>
    <String Key="Setting.Exit" Value="Exportaciones"/>
    <String Key="Setting.Confirm" Value="Confirmado"/>
      <String Key="Setting.NetError" Value="Está desconectado, vuelva a iniciar sesión en el juego"/>

      <String Key="Shop.Year" Value="Año"/>
    <String Key="Shop.Origin" Value="Origen"/>
    <String Key="Shop.Style" Value="Estilo"/>
    <String Key="Shop.Count" Value="Contar"/>
    <String Key="Cabinet.Count" Value="Contar"/>
    <String Key="Cabinet.Used" Value="Acostumbrado a"/>
    <String Key="Cabinet.Rotate" Value="Rotación"/>
    <String Key="Cabinet.Remove" Value="Eliminación"/>
    <String Key="Vodka.Name.1" Value="Vodka absoluto sueco"/>
    <String Key="Vodka.Name.2" Value="Smirnov"/>
    <String Key="Vodka.Name.3" Value="Vodka"/>
    <String Key="Vodka.Name.4" Value="Ganso gris"/>
    <String Key="Vodka.Name.5" Value="Conmemoración de la victoria"/>
    <String Key="Vodka.Name.6" Value="Finlandia"/>
    <String Key="Vodka.Name.7" Value="Stolichnaya premium"/>
    <String Key="Vodka.Name.8" Value="Licheng Head vodka"/>
    <String Key="Vodka.Name.9" Value="Vértice"/>
    <String Key="Vodka.Name.10" Value="Normas rusas"/>
    <String Key="Vodka.Name.11" Value="Ballena blanca"/>
    <String Key="Vodka.Name.12" Value="Rectificación"/>
    <String Key="Vodka.Name.13" Value="Selectivo"/>
    <String Key="Vodka.Name.14" Value="Vodka nemirov"/>
    <String Key="Vodka.Name.15" Value="Buen vodka"/>
    <String Key="Vodka.Name.16" Value="Alivio"/>
    <String Key="Vodka.Name.17" Value="Dibujo"/>
    <String Key="Vodka.Name.18" Value="Tobaris"/>
    <String Key="Vodka.Name.19" Value="Marca verde"/>
    <String Key="Vodka.Name.20" Value="Pyat ozer"/>
    <String Key="Vodka.Origin.Russia" Value="Federación de Rusia"/>
    <String Key="Vodka.Origin.Belarus" Value="Bielorrusia"/>
    <String Key="Vodka.Origin.Ukraine" Value="Ucrania"/>
    <String Key="Vodka.Origin.Sverige" Value="Suecia"/>
    <String Key="Vodka.Origin.Finland" Value="Finlandia"/>
    <String Key="Vodka.Origin.Poland" Value="Polonia"/>
    <String Key="Vodka.Origin.Latvia" Value="Letonia"/>
    <String Key="Vodka.Origin.America" Value="Estados Unidos"/>
    <String Key="Vodka.Origin.France" Value="Francia"/>
    <String Key="Vodka.Style.1" Value="Pura"/>
    <String Key="Vodka.Style.2" Value="Suave"/>
    <String Key="Vodka.Style.3" Value="Seco y refrescante"/>
    <String Key="Vodka.Style.4" Value="Plano"/>
    <String Key="Vodka.Style.5" Value="Aniversario"/>
    <String Key="Vodka.Style.6" Value="Norte de Europa"/>
    <String Key="Vodka.Style.7" Value="Luz"/>
    <String Key="Vodka.Style.8" Value="Fragancia"/>
    <String Key="Vodka.Style.9" Value="Top"/>
    <String Key="Vodka.Style.10" Value="Refrescante"/>
    <String Key="Vodka.Style.11" Value="Clima templado"/>
    <String Key="Vodka.Style.12" Value="Enérgico"/>
    <String Key="Vodka.Style.13" Value="Elegante"/>
    <String Key="Vodka.Style.14" Value="Profundo"/>
    <String Key="Vodka.Style.15" Value="Dulce"/>
    <String Key="Vodka.Style.16" Value="Farmacodinámica"/>
    <String Key="Vodka.Style.17" Value="Suave"/>
    <String Key="Vodka.Style.18" Value="Aglomeraciones"/>
    <String Key="Vodka.Style.19" Value="Aromático"/>
    <String Key="Vodka.Style.20" Value="Largo"/>
  </Dictionary>
</Dictionaries>