<Dictionaries>
  <Dictionary Language="English">
    <String Key="Game.Name" Value="mm"/>
    <String Key="Game.Description" Value="โปรแกรมสาธิตกรอบเกม"/>
    <String Key="Game.Website" Value="https://GameFramework.cn/"/>
    <String Key="Game.Summary" Value="https://GameFramework.cn/"/>
    <String Key="Game.Introduction" Value="กรอบเกมเป็นกรอบเกมที่ใช้เครื่องยนต์สามัคคีส่วนใหญ่ห่อหุ้มโมดูลที่ใช้กันทั่วไปในกระบวนการพัฒนาเกมควบคุมกระบวนการพัฒนาอย่างมากเร่งความเร็วในการพัฒนาและรับประกันคุณภาพของผลิตภัณฑ์"/>
    <String Key="Title.Name" Value="วอดก้าสล็อต"/>
    <String Key="Title.Start" Value="เริ่มต้นใช้งาน"/>
    <String Key="Title.Language" Value="ภาษา"/>
    <String Key="Slot.Player" Value="ผู้เล่น"/>
    <String Key="Slot.Setting" Value="พื้นหลัง"/>
    <String Key="Slot.Shop" Value="บาร์"/>
    <String Key="Slot.Cabinet" Value="ตู้ไวน์"/>
    <String Key="Slot.Store" Value="ห้างสรรพสินค้า"/>
    <String Key="Player.Level" Value="ปริมาณ"/>
    <String Key="Player.Gold" Value="คิม"/>
    <String Key="Player.Diamond" Value="เพชร"/>
    <String Key="Player.Play" Value="เล่น"/>
    <String Key="Player.Win" Value="ชนะ"/>
    <String Key="Player.Vodka" Value="วอดก้า"/>
    <String Key="Player.Place" Value="สถานที่ตั้ง"/>
    <String Key="Setting.Music" Value="เพลง"/>
    <String Key="Setting.Sound" Value="เสียง"/>
    <String Key="Setting.Language" Value="ภาษา"/>
    <String Key="Setting.Exit" Value="ทางออก"/>
    <String Key="Setting.Confirm" Value="ยืนยัน"/>
      <String Key="Setting.NetError" Value="คุณได้ยกเลิกการเชื่อมต่อโปรดเข้าสู่ระบบอีกครั้งในเกม"/>

      <String Key="Shop.Year" Value="ปี"/>
    <String Key="Shop.Origin" Value="ต้นกำเนิด"/>
    <String Key="Shop.Style" Value="สไตล์"/>
    <String Key="Shop.Count" Value="นับ"/>
    <String Key="Cabinet.Count" Value="นับ"/>
    <String Key="Cabinet.Used" Value="เคยชิน"/>
    <String Key="Cabinet.Rotate" Value="การหมุน"/>
    <String Key="Cabinet.Remove" Value="การกำจัด"/>
    <String Key="Vodka.Name.1" Value="แอบโซลูทวอดก้าสวีเดน"/>
    <String Key="Vodka.Name.2" Value="สเมียร์นอฟ"/>
    <String Key="Vodka.Name.3" Value="วอดก้า"/>
    <String Key="Vodka.Name.4" Value="ห่านป่าสีเทา"/>
    <String Key="Vodka.Name.5" Value="รำลึกถึงชัยชนะ"/>
    <String Key="Vodka.Name.6" Value="ฟินแลนด์"/>
    <String Key="Vodka.Name.7" Value="Stolichnaya Premium"/>
    <String Key="Vodka.Name.8" Value="Belvedere Head วอดก้า"/>
    <String Key="Vodka.Name.9" Value="จุดยอด"/>
    <String Key="Vodka.Name.10" Value="มาตรฐานรัสเซีย"/>
    <String Key="Vodka.Name.11" Value="วาฬเบลูก้า"/>
    <String Key="Vodka.Name.12" Value="แก้ไขลม"/>
    <String Key="Vodka.Name.13" Value="เลือก"/>
    <String Key="Vodka.Name.14" Value="Nemirov วอดก้า"/>
    <String Key="Vodka.Name.15" Value="วอดก้าที่ดี"/>
    <String Key="Vodka.Name.16" Value="บรรเทา"/>
    <String Key="Vodka.Name.17" Value="รูปแบบ"/>
    <String Key="Vodka.Name.18" Value="โทบาริส"/>
    <String Key="Vodka.Name.19" Value="เครื่องหมายสีเขียว"/>
    <String Key="Vodka.Name.20" Value="Pyat Ozer"/>
    <String Key="Vodka.Origin.Russia" Value="สหพันธรัฐรัสเซีย"/>
    <String Key="Vodka.Origin.Belarus" Value="เบลารุส"/>
    <String Key="Vodka.Origin.Ukraine" Value="ยูเครน"/>
    <String Key="Vodka.Origin.Sverige" Value="สวีเดน"/>
    <String Key="Vodka.Origin.Finland" Value="ฟินแลนด์"/>
    <String Key="Vodka.Origin.Poland" Value="โปแลนด์"/>
    <String Key="Vodka.Origin.Latvia" Value="ลัตเวีย"/>
    <String Key="Vodka.Origin.America" Value="สหรัฐอเมริกา"/>
    <String Key="Vodka.Origin.France" Value="ฝรั่งเศส"/>
    <String Key="Vodka.Style.1" Value="บริสุทธิ์"/>
    <String Key="Vodka.Style.2" Value="อ่อนนุ่ม"/>
    <String Key="Vodka.Style.3" Value="แห้งและสดชื่น"/>
    <String Key="Vodka.Style.4" Value="แบนราบ"/>
    <String Key="Vodka.Style.5" Value="วันครบรอบ"/>
    <String Key="Vodka.Style.6" Value="นอร์ดิก"/>
    <String Key="Vodka.Style.7" Value="แสง"/>
    <String Key="Vodka.Style.8" Value="กลิ่นหอม"/>
    <String Key="Vodka.Style.9" Value="ด้านบนสุด"/>
    <String Key="Vodka.Style.10" Value="สดชื่น"/>
    <String Key="Vodka.Style.11" Value="อากาศอบอุ่น"/>
    <String Key="Vodka.Style.12" Value="เต็มไปด้วยจิตวิญญาณ"/>
    <String Key="Vodka.Style.13" Value="หรูหรา"/>
    <String Key="Vodka.Style.14" Value="ลึก"/>
    <String Key="Vodka.Style.15" Value="รสหวาน"/>
    <String Key="Vodka.Style.16" Value="เภสัชพลศาสตร์"/>
    <String Key="Vodka.Style.17" Value="กลมกล่อม"/>
    <String Key="Vodka.Style.18" Value="รวบรวม"/>
    <String Key="Vodka.Style.19" Value="กลิ่นหอม"/>
    <String Key="Vodka.Style.20" Value="ยาว"/>
  </Dictionary>
</Dictionaries>