<Dictionaries>
  <Dictionary Language="English">
    <String Key="Game.Name" Value="gg"/>
    <String Key="Game.Description" Value="Khung trò chơi Demo"/>
    <String Key="Game.Website" Value="https://GameFramework.cn/"/>
    <String Key="Game.Summary" Value="https://GameFramework.cn/"/>
    <String Key="Game.Introduction" Value="Khung trò chơi là một khung trò chơi dựa trên Unity Engine, chủ yếu đóng gói các mô-đun thường được sử dụng trong quá trình phát triển trò chơi, điều chỉnh đáng kể quá trình phát triển, tăng tốc độ phát triển và đảm bảo chất lượng sản phẩm."/>
    <String Key="Title.Name" Value="Slots cho vodka"/>
    <String Key="Title.Start" Value="Bắt đầu"/>
    <String Key="Title.Language" Value="Ngôn ngữ"/>
    <String Key="Slot.Player" Value="Diễn viên"/>
    <String Key="Slot.Setting" Value="Nền"/>
    <String Key="Slot.Shop" Value="Thanh"/>
    <String Key="Slot.Cabinet" Value="Tủ rượu"/>
    <String Key="Slot.Store" Value="Cửa hàng bách hóa"/>
    <String Key="Player.Level" Value="Số lượng"/>
    <String Key="Player.Gold" Value="Kim"/>
    <String Key="Player.Diamond" Value="Kim cương"/>
    <String Key="Player.Play" Value="Chơi"/>
    <String Key="Player.Win" Value="Thắng"/>
    <String Key="Player.Vodka" Value="Việt"/>
    <String Key="Player.Place" Value="Địa điểm"/>
    <String Key="Setting.Music" Value="Âm nhạc"/>
    <String Key="Setting.Sound" Value="Âm thanh"/>
    <String Key="Setting.Language" Value="Ngôn ngữ"/>
    <String Key="Setting.Exit" Value="Xuất khẩu"/>
    <String Key="Setting.Confirm" Value="Xác nhận"/>
      <String Key="Setting.NetError" Value="Bạn đã bị ngắt kết nối, vui lòng đăng nhập lại vào trò chơi"/>

      <String Key="Shop.Year" Value="Năm"/>
    <String Key="Shop.Origin" Value="Nguồn gốc"/>
    <String Key="Shop.Style" Value="Phong cách"/>
    <String Key="Shop.Count" Value="Đếm"/>
    <String Key="Cabinet.Count" Value="Đếm"/>
    <String Key="Cabinet.Used" Value="Làm quen với"/>
    <String Key="Cabinet.Rotate" Value="Xoay"/>
    <String Key="Cabinet.Remove" Value="Loại bỏ"/>
    <String Key="Vodka.Name.1" Value="Vodka Absolut Thụy Điển"/>
    <String Key="Vodka.Name.2" Value="Smirnoff"/>
    <String Key="Vodka.Name.3" Value="Việt"/>
    <String Key="Vodka.Name.4" Value="Chim nhạn xám"/>
    <String Key="Vodka.Name.5" Value="Kỷ niệm chiến thắng"/>
    <String Key="Vodka.Name.6" Value="Phần Lan"/>
    <String Key="Vodka.Name.7" Value="Stolichnaya Premium"/>
    <String Key="Vodka.Name.8" Value="Rượu Vodka Belvedere Head"/>
    <String Key="Vodka.Name.9" Value="Đỉnh"/>
    <String Key="Vodka.Name.10" Value="Tiêu chuẩn Nga"/>
    <String Key="Vodka.Name.11" Value="Cá voi trắng"/>
    <String Key="Vodka.Name.12" Value="Chỉnh gió"/>
    <String Key="Vodka.Name.13" Value="Chọn lọc"/>
    <String Key="Vodka.Name.14" Value="Rượu Vodka Nemirov"/>
    <String Key="Vodka.Name.15" Value="Vodka tốt"/>
    <String Key="Vodka.Name.16" Value="Cứu trợ"/>
    <String Key="Vodka.Name.17" Value="Sơ đồ"/>
    <String Key="Vodka.Name.18" Value="Việt"/>
    <String Key="Vodka.Name.19" Value="Đánh dấu màu xanh lá cây"/>
    <String Key="Vodka.Name.20" Value="Pyat Ozer"/>
    <String Key="Vodka.Origin.Russia" Value="Liên bang Nga"/>
    <String Key="Vodka.Origin.Belarus" Value="Belarus"/>
    <String Key="Vodka.Origin.Ukraine" Value="Việt Nam"/>
    <String Key="Vodka.Origin.Sverige" Value="Thụy Điển"/>
    <String Key="Vodka.Origin.Finland" Value="Phần Lan"/>
    <String Key="Vodka.Origin.Poland" Value="Ba Lan"/>
    <String Key="Vodka.Origin.Latvia" Value="Latvia"/>
    <String Key="Vodka.Origin.America" Value="Hoa Kỳ"/>
    <String Key="Vodka.Origin.France" Value="Pháp"/>
    <String Key="Vodka.Style.1" Value="Tinh khiết"/>
    <String Key="Vodka.Style.2" Value="mềm"/>
    <String Key="Vodka.Style.3" Value="Khô và làm mới"/>
    <String Key="Vodka.Style.4" Value="Phẳng"/>
    <String Key="Vodka.Style.5" Value="Ngày kỷ niệm"/>
    <String Key="Vodka.Style.6" Value="Bắc Âu"/>
    <String Key="Vodka.Style.7" Value="Ánh sáng"/>
    <String Key="Vodka.Style.8" Value="Hương thơm"/>
    <String Key="Vodka.Style.9" Value="Hàng đầu"/>
    <String Key="Vodka.Style.10" Value="Mới mẻ"/>
    <String Key="Vodka.Style.11" Value="Khí hậu ôn hòa"/>
    <String Key="Vodka.Style.12" Value="Tinh thần"/>
    <String Key="Vodka.Style.13" Value="Thanh lịch"/>
    <String Key="Vodka.Style.14" Value="Sâu"/>
    <String Key="Vodka.Style.15" Value="Ngọt ngào"/>
    <String Key="Vodka.Style.16" Value="Dược lực học"/>
    <String Key="Vodka.Style.17" Value="Việt"/>
    <String Key="Vodka.Style.18" Value="Tập hợp"/>
    <String Key="Vodka.Style.19" Value="Hương thơm"/>
    <String Key="Vodka.Style.20" Value="Dài"/>
  </Dictionary>
</Dictionaries>