<Dictionaries>
  <Dictionary Language="English">
    <String Key="Game.Name" Value="?????"/>
    <String Key="Game.Description" Value=""/>
    <String Key="Game.Website" Value=""/>
    <String Key="Game.Summary" Value="这是一个使用game Framework游戏框架创建的游戏演示项目，旨在演示该游戏框架的使用情况，供用户参考。"/>
    <String Key="Game.Introduction" Value=""/>
    <String Key="Title.Name" Value=""/>
    <String Key="Title.Start" Value=""/>
    <String Key="Title.Language" Value=""/>
    <String Key="Slot.Player" Value=""/>
    <String Key="Slot.Setting" Value=""/>
    <String Key="Slot.Shop" Value=""/>
    <String Key="Slot.Cabinet" Value=""/>
    <String Key="Slot.Store" Value=""/>
    <String Key="Player.Level" Value=""/>
    <String Key="Player.Gold" Value=""/>
    <String Key="Player.Diamond" Value=""/>
    <String Key="Player.Play" Value=""/>
    <String Key="Player.Win" Value=""/>
    <String Key="Player.Vodka" Value=""/>
    <String Key="Player.Place" Value=""/>
    <String Key="Setting.Music" Value=""/>
    <String Key="Setting.Sound" Value=""/>
    <String Key="Setting.Language" Value=""/>
    <String Key="Setting.Exit" Value=""/>
    <String Key="Setting.Confirm" Value=""/>
      <String Key="Setting.NetError" Value=""/>

      <String Key="Shop.Year" Value=""/>
    <String Key="Shop.Origin" Value=""/>
    <String Key="Shop.Style" Value=""/>
    <String Key="Shop.Count" Value=""/>
    <String Key="Cabinet.Count" Value=""/>
    <String Key="Cabinet.Used" Value=""/>
    <String Key="Cabinet.Rotate" Value=""/>
    <String Key="Cabinet.Remove" Value=""/>
    <String Key="Vodka.Name.1" Value=""/>
    <String Key="Vodka.Name.2" Value=""/>
    <String Key="Vodka.Name.3" Value=""/>
    <String Key="Vodka.Name.4" Value=""/>
    <String Key="Vodka.Name.5" Value=""/>
    <String Key="Vodka.Name.6" Value=""/>
    <String Key="Vodka.Name.7" Value=""/>
    <String Key="Vodka.Name.8" Value=""/>
    <String Key="Vodka.Name.9" Value=""/>
    <String Key="Vodka.Name.10" Value=""/>
    <String Key="Vodka.Name.11" Value=""/>
    <String Key="Vodka.Name.12" Value=""/>
    <String Key="Vodka.Name.13" Value=""/>
    <String Key="Vodka.Name.14" Value=""/>
    <String Key="Vodka.Name.15" Value=""/>
    <String Key="Vodka.Name.16" Value=""/>
    <String Key="Vodka.Name.17" Value=""/>
    <String Key="Vodka.Name.18" Value=""/>
    <String Key="Vodka.Name.19" Value=""/>
    <String Key="Vodka.Name.20" Value=""/>
    <String Key="Vodka.Origin.Russia" Value=""/>
    <String Key="Vodka.Origin.Belarus" Value=""/>
    <String Key="Vodka.Origin.Ukraine" Value=""/>
    <String Key="Vodka.Origin.Sverige" Value=""/>
    <String Key="Vodka.Origin.Finland" Value=""/>
    <String Key="Vodka.Origin.Poland" Value=""/>
    <String Key="Vodka.Origin.Latvia" Value=""/>
    <String Key="Vodka.Origin.America" Value=""/>
    <String Key="Vodka.Origin.France" Value=""/>
    <String Key="Vodka.Style.1" Value=""/>
    <String Key="Vodka.Style.2" Value=""/>
    <String Key="Vodka.Style.3" Value=""/>
    <String Key="Vodka.Style.4" Value=""/>
    <String Key="Vodka.Style.5" Value=""/>
    <String Key="Vodka.Style.6" Value=""/>
    <String Key="Vodka.Style.7" Value=""/>
    <String Key="Vodka.Style.8" Value=""/>
    <String Key="Vodka.Style.9" Value=""/>
    <String Key="Vodka.Style.10" Value=""/>
    <String Key="Vodka.Style.11" Value=""/>
    <String Key="Vodka.Style.12" Value=""/>
    <String Key="Vodka.Style.13" Value=""/>
    <String Key="Vodka.Style.14" Value=""/>
    <String Key="Vodka.Style.15" Value=""/>
    <String Key="Vodka.Style.16" Value=""/>
    <String Key="Vodka.Style.17" Value=""/>
    <String Key="Vodka.Style.18" Value=""/>
    <String Key="Vodka.Style.19" Value=""/>
    <String Key="Vodka.Style.20" Value=""/>
  </Dictionary>
</Dictionaries>