<Dictionaries>
  <Dictionary Language="English">
    <String Key="Game.Name" Value=""/>
    <String Key="Game.Description" Value="遊戲框架演示程式"/>
    <String Key="Game.Website" Value="https://GameFramework.cn/"/>
    <String Key="Game.Summary" Value="https://GameFramework.cn/"/>
    <String Key="Game.Introduction" Value="遊戲框架是基於Unity引擎的遊戲框架，主要封裝了遊戲開發過程中常用的模塊，極大地規範了開發過程，加快了開發速度，確保了產品品質。"/>
    <String Key="Title.Name" Value="伏特加插槽"/>
    <String Key="Title.Start" Value="開始"/>
    <String Key="Title.Language" Value="語言"/>
    <String Key="Slot.Player" Value="遊戲者"/>
    <String Key="Slot.Setting" Value="背景"/>
    <String Key="Slot.Shop" Value="酒吧"/>
    <String Key="Slot.Cabinet" Value="酒櫃"/>
    <String Key="Slot.Store" Value="百貨商店"/>
    <String Key="Player.Level" Value="數量"/>
    <String Key="Player.Gold" Value="金"/>
    <String Key="Player.Diamond" Value="金剛石"/>
    <String Key="Player.Play" Value="玩"/>
    <String Key="Player.Win" Value="贏"/>
    <String Key="Player.Vodka" Value="伏特加"/>
    <String Key="Player.Place" Value="位置"/>
    <String Key="Setting.Music" Value="音樂"/>
    <String Key="Setting.Sound" Value="聲音"/>
    <String Key="Setting.Language" Value="語言"/>
    <String Key="Setting.Exit" Value="出口"/>
    <String Key="Setting.Confirm" Value="證實"/>
      <String Key="Setting.NetError" Value="您已斷開連接，請重新登入遊戲"/>

      <String Key="Shop.Year" Value="年"/>
    <String Key="Shop.Origin" Value="起源"/>
    <String Key="Shop.Style" Value="風格"/>
    <String Key="Shop.Count" Value="計數"/>
    <String Key="Cabinet.Count" Value="計數"/>
    <String Key="Cabinet.Used" Value="習慣於"/>
    <String Key="Cabinet.Rotate" Value="旋轉"/>
    <String Key="Cabinet.Remove" Value="去除"/>
    <String Key="Vodka.Name.1" Value="瑞典絕對伏特加"/>
    <String Key="Vodka.Name.2" Value="斯米爾諾夫"/>
    <String Key="Vodka.Name.3" Value="伏特加"/>
    <String Key="Vodka.Name.4" Value="灰雁"/>
    <String Key="Vodka.Name.5" Value="紀念勝利"/>
    <String Key="Vodka.Name.6" Value="芬蘭"/>
    <String Key="Vodka.Name.7" Value="Stolichnaya Premium"/>
    <String Key="Vodka.Name.8" Value="麗城頭伏特加"/>
    <String Key="Vodka.Name.9" Value="頂點"/>
    <String Key="Vodka.Name.10" Value="俄羅斯標準"/>
    <String Key="Vodka.Name.11" Value="白鯨"/>
    <String Key="Vodka.Name.12" Value="整風"/>
    <String Key="Vodka.Name.13" Value="選擇性的"/>
    <String Key="Vodka.Name.14" Value="涅米羅夫伏特加"/>
    <String Key="Vodka.Name.15" Value="好的伏特加"/>
    <String Key="Vodka.Name.16" Value="緩解"/>
    <String Key="Vodka.Name.17" Value="圖樣"/>
    <String Key="Vodka.Name.18" Value="托巴裏斯"/>
    <String Key="Vodka.Name.19" Value="綠色標記"/>
    <String Key="Vodka.Name.20" Value="Pyat Ozer"/>
    <String Key="Vodka.Origin.Russia" Value="俄羅斯聯邦"/>
    <String Key="Vodka.Origin.Belarus" Value="白俄羅斯"/>
    <String Key="Vodka.Origin.Ukraine" Value="烏克蘭"/>
    <String Key="Vodka.Origin.Sverige" Value="瑞典"/>
    <String Key="Vodka.Origin.Finland" Value="芬蘭"/>
    <String Key="Vodka.Origin.Poland" Value="波蘭"/>
    <String Key="Vodka.Origin.Latvia" Value="拉脫維亞"/>
    <String Key="Vodka.Origin.America" Value="美國"/>
    <String Key="Vodka.Origin.France" Value="法國"/>
    <String Key="Vodka.Style.1" Value="純淨"/>
    <String Key="Vodka.Style.2" Value="軟的"/>
    <String Key="Vodka.Style.3" Value="乾燥清爽"/>
    <String Key="Vodka.Style.4" Value="平整的"/>
    <String Key="Vodka.Style.5" Value="周年紀念日"/>
    <String Key="Vodka.Style.6" Value="北歐"/>
    <String Key="Vodka.Style.7" Value="光"/>
    <String Key="Vodka.Style.8" Value="芬芳"/>
    <String Key="Vodka.Style.9" Value="頂級"/>
    <String Key="Vodka.Style.10" Value="令人耳目一新的"/>
    <String Key="Vodka.Style.11" Value="氣候溫和的"/>
    <String Key="Vodka.Style.12" Value="精神飽滿的"/>
    <String Key="Vodka.Style.13" Value="優雅的"/>
    <String Key="Vodka.Style.14" Value="深的"/>
    <String Key="Vodka.Style.15" Value="甜味"/>
    <String Key="Vodka.Style.16" Value="藥效學"/>
    <String Key="Vodka.Style.17" Value="醇厚的"/>
    <String Key="Vodka.Style.18" Value="聚集"/>
    <String Key="Vodka.Style.19" Value="芳香"/>
    <String Key="Vodka.Style.20" Value="長的"/>
  </Dictionary>
</Dictionaries>