<Dictionaries>
  <Dictionary Language="English">
    <String Key="Game.Name" Value=""/>
    <String Key="Game.Description" Value="Game Framework Demo Program"/>
    <String Key="Game.Website" Value="https://GameFramework.cn/"/>
    <String Key="Game.Summary" Value="https://GameFramework.cn/"/>
    <String Key="Game.Introduction" Value="The Game Framework is a game framework based on the Unity engine, which mainly encapsulates commonly used modules in the game development process, greatly standardizing the development process, accelerating development speed, and ensuring product quality."/>
    <String Key="Title.Name" Value="VodkaSlot"/>
    <String Key="Title.Start" Value="Start"/>
    <String Key="Title.Language" Value="Language"/>
    <String Key="Slot.Player" Value="Player"/>
    <String Key="Slot.Setting" Value="Setting"/>
    <String Key="Slot.Shop" Value="pub"/>
    <String Key="Slot.Cabinet" Value="wine cabinet"/>
    <String Key="Slot.Store" Value="Store"/>
    <String Key="Player.Level" Value="Level"/>
    <String Key="Player.Gold" Value="Gold"/>
    <String Key="Player.Diamond" Value="Diamond"/>
    <String Key="Player.Play" Value="Play"/>
    <String Key="Player.Win" Value="Win"/>
    <String Key="Player.Vodka" Value="Vodka"/>
    <String Key="Player.Place" Value="Place"/>
    <String Key="Setting.Music" Value="Music"/>
    <String Key="Setting.Sound" Value="Sound"/>
    <String Key="Setting.Language" Value="Language"/>
    <String Key="Setting.Exit" Value="Exit"/>
    <String Key="Setting.Confirm" Value="Confirm"/>
      <String Key="Setting.NetError" Value="You have been disconnected, please log in to the game again"/>

      <String Key="Shop.Year" Value="Year"/>
    <String Key="Shop.Origin" Value="Origin"/>
    <String Key="Shop.Style" Value="style"/>
    <String Key="Shop.Count" Value="Count"/>
    <String Key="Cabinet.Count" Value="Count"/>
    <String Key="Cabinet.Used" Value="Used"/>
    <String Key="Cabinet.Rotate" Value="Rotate"/>
    <String Key="Cabinet.Remove" Value="Remove"/>
    <String Key="Vodka.Name.1" Value="Absolut Vodka"/>
    <String Key="Vodka.Name.2" Value="Smirnoff"/>
    <String Key="Vodka.Name.3" Value="skyy"/>
    <String Key="Vodka.Name.4" Value="Grey Goose"/>
    <String Key="Vodka.Name.5" Value="Commemorative Victory"/>
    <String Key="Vodka.Name.6" Value="Finland"/>
    <String Key="Vodka.Name.7" Value="Stolichnaya Premium"/>
    <String Key="Vodka.Name.8" Value="Belvedere Head Vodka"/>
    <String Key="Vodka.Name.9" Value="Pinnacle"/>
    <String Key="Vodka.Name.10" Value="Russian Standard"/>
    <String Key="Vodka.Name.11" Value="beluga"/>
    <String Key="Vodka.Name.12" Value="Rectified spirit"/>
    <String Key="Vodka.Name.13" Value="Selective"/>
    <String Key="Vodka.Name.14" Value="Nemiroff Vodka"/>
    <String Key="Vodka.Name.15" Value="Good Vodka"/>
    <String Key="Vodka.Name.16" Value="ease"/>
    <String Key="Vodka.Name.17" Value="Graphics"/>
    <String Key="Vodka.Name.18" Value="Tobarith"/>
    <String Key="Vodka.Name.19" Value="Green Mark"/>
    <String Key="Vodka.Name.20" Value="Pyat Ozer"/>
    <String Key="Vodka.Origin.Russia" Value="Russia"/>
    <String Key="Vodka.Origin.Belarus" Value="Belarus"/>
    <String Key="Vodka.Origin.Ukraine" Value="Ukraine"/>
    <String Key="Vodka.Origin.Sverige" Value="Sweden"/>
    <String Key="Vodka.Origin.Finland" Value="Finland"/>
    <String Key="Vodka.Origin.Poland" Value="Poland"/>
    <String Key="Vodka.Origin.Latvia" Value="Latvia"/>
    <String Key="Vodka.Origin.America" Value="America"/>
    <String Key="Vodka.Origin.France" Value="France"/>
    <String Key="Vodka.Style.1" Value="pureness"/>
    <String Key="Vodka.Style.2" Value="soft"/>
    <String Key="Vodka.Style.3" Value="Dry and refreshing"/>
    <String Key="Vodka.Style.4" Value="smooth"/>
    <String Key="Vodka.Style.5" Value="anniversary"/>
    <String Key="Vodka.Style.6" Value="Northern Europe"/>
    <String Key="Vodka.Style.7" Value="Light"/>
    <String Key="Vodka.Style.8" Value="fragrance"/>
    <String Key="Vodka.Style.9" Value="top-level"/>
    <String Key="Vodka.Style.10" Value="refreshing"/>
    <String Key="Vodka.Style.11" Value="temperate"/>
    <String Key="Vodka.Style.12" Value="spirited"/>
    <String Key="Vodka.Style.13" Value="graceful"/>
    <String Key="Vodka.Style.14" Value="deep"/>
    <String Key="Vodka.Style.15" Value="sweet taste"/>
    <String Key="Vodka.Style.16" Value="Pharmacodynamics"/>
    <String Key="Vodka.Style.17" Value="mellow"/>
    <String Key="Vodka.Style.18" Value="gather"/>
    <String Key="Vodka.Style.19" Value="aroma"/>
    <String Key="Vodka.Style.20" Value="long"/>
  </Dictionary>
</Dictionaries>