<Dictionaries>
  <Dictionary Language="English">
    <String Key="Game.Name" Value="xx"/>
    <String Key="Game.Description" Value="Programa de Demonstração da Estrutura do Jogo"/>
    <String Key="Game.Website" Value="https://GameFramework.cn/"/>
    <String Key="Game.Summary" Value="https://GameFramework.cn/"/>
    <String Key="Game.Introduction" Value="O Game Framework é um framework de jogo baseado no motor Unity, que encapsula principalmente módulos comumente usados no processo de desenvolvimento de jogos, padronizando grandemente o processo de desenvolvimento, acelerando a velocidade de desenvolvimento e garantindo a qualidade do produto."/>
    <String Key="Title.Name" Value="VodkaSlot"/>
    <String Key="Title.Start" Value="Iniciar"/>
    <String Key="Title.Language" Value="Língua"/>
    <String Key="Slot.Player" Value="Jogador"/>
    <String Key="Slot.Setting" Value="Configuração"/>
    <String Key="Slot.Shop" Value="pub"/>
    <String Key="Slot.Cabinet" Value="armário de vinhos"/>
    <String Key="Slot.Store" Value="Armazenar"/>
    <String Key="Player.Level" Value="Nível"/>
    <String Key="Player.Gold" Value="Ouro"/>
    <String Key="Player.Diamond" Value="Diamante"/>
    <String Key="Player.Play" Value="Tocar"/>
    <String Key="Player.Win" Value="Vencer"/>
    <String Key="Player.Vodka" Value="Vodka"/>
    <String Key="Player.Place" Value="Local"/>
    <String Key="Setting.Music" Value="Música"/>
    <String Key="Setting.Sound" Value="Som"/>
    <String Key="Setting.Language" Value="Língua"/>
    <String Key="Setting.Exit" Value="Sair"/>
    <String Key="Setting.Confirm" Value="Confirmar"/>
      <String Key="Setting.NetError" Value="Você foi desconectado, por favor faça login no jogo novamente"/>

      <String Key="Shop.Year" Value="Ano"/>
    <String Key="Shop.Origin" Value="Origem"/>
    <String Key="Shop.Style" Value="estilo"/>
    <String Key="Shop.Count" Value="Contagem"/>
    <String Key="Cabinet.Count" Value="Contagem"/>
    <String Key="Cabinet.Used" Value="Usado"/>
    <String Key="Cabinet.Rotate" Value="Rodar"/>
    <String Key="Cabinet.Remove" Value="Remover"/>
    <String Key="Vodka.Name.1" Value="Absolut Vodka"/>
    <String Key="Vodka.Name.2" Value="Smirnoff"/>
    <String Key="Vodka.Name.3" Value="Skyy"/>
    <String Key="Vodka.Name.4" Value="Grey Goose"/>
    <String Key="Vodka.Name.5" Value="Vitória Comemorativa"/>
    <String Key="Vodka.Name.6" Value="Finlândia"/>
    <String Key="Vodka.Name.7" Value="Stolichnaya Premium"/>
    <String Key="Vodka.Name.8" Value="Belvedere Head Vodka"/>
    <String Key="Vodka.Name.9" Value="Pinnacle"/>
    <String Key="Vodka.Name.10" Value="Norma Russa"/>
    <String Key="Vodka.Name.11" Value="beluga"/>
    <String Key="Vodka.Name.12" Value="Espírito rectificado"/>
    <String Key="Vodka.Name.13" Value="Selectivo"/>
    <String Key="Vodka.Name.14" Value="Vodka Nemiroff"/>
    <String Key="Vodka.Name.15" Value="Boa Vodka"/>
    <String Key="Vodka.Name.16" Value="facilidade"/>
    <String Key="Vodka.Name.17" Value="Gráficos"/>
    <String Key="Vodka.Name.18" Value="Tobarith"/>
    <String Key="Vodka.Name.19" Value="Marca Verde"/>
    <String Key="Vodka.Name.20" Value="Pyat Ozer"/>
    <String Key="Vodka.Origin.Russia" Value="Rússia"/>
    <String Key="Vodka.Origin.Belarus" Value="Bielorrússia"/>
    <String Key="Vodka.Origin.Ukraine" Value="Ucrânia"/>
    <String Key="Vodka.Origin.Sverige" Value="Suécia"/>
    <String Key="Vodka.Origin.Finland" Value="Finlândia"/>
    <String Key="Vodka.Origin.Poland" Value="Polónia"/>
    <String Key="Vodka.Origin.Latvia" Value="Letónia"/>
    <String Key="Vodka.Origin.America" Value="América"/>
    <String Key="Vodka.Origin.France" Value="França"/>
    <String Key="Vodka.Style.1" Value="pureza"/>
    <String Key="Vodka.Style.2" Value="macio"/>
    <String Key="Vodka.Style.3" Value="Seco e refrescante"/>
    <String Key="Vodka.Style.4" Value="suave"/>
    <String Key="Vodka.Style.5" Value="aniversário"/>
    <String Key="Vodka.Style.6" Value="Norte da Europa"/>
    <String Key="Vodka.Style.7" Value="Luz"/>
    <String Key="Vodka.Style.8" Value="fragrância"/>
    <String Key="Vodka.Style.9" Value="nível superior"/>
    <String Key="Vodka.Style.10" Value="refrescante"/>
    <String Key="Vodka.Style.11" Value="temperada"/>
    <String Key="Vodka.Style.12" Value="espirituoso"/>
    <String Key="Vodka.Style.13" Value="gracioso"/>
    <String Key="Vodka.Style.14" Value="profundo"/>
    <String Key="Vodka.Style.15" Value="sabor doce"/>
    <String Key="Vodka.Style.16" Value="Farmacodinâmica"/>
    <String Key="Vodka.Style.17" Value="suave"/>
    <String Key="Vodka.Style.18" Value="reunir"/>
    <String Key="Vodka.Style.19" Value="aroma"/>
    <String Key="Vodka.Style.20" Value="longo"/>
  </Dictionary>
</Dictionaries>